{"cameraMode":{"drawMode":2,"name":"Shaded Wireframe","section":"Shading Mode"},"sceneLighting":true,"audioPlay":false,"sceneViewState":{"showFog":true,"showMaterialUpdate":false,"showSkybox":true,"showFlares":true,"showImageEffects":true,"showParticleSystems":true},"in2DMode":false,"pivot":{"x":-61.42152786254883,"y":23.865453720092775,"z":-41.75443649291992},"rotation":{"x":0.18959183990955354,"y":0.7845312356948853,"z":-0.28887712955474856,"w":0.5148947834968567},"size":248.84359741210938,"orthographic":false}