{"cameraMode":{"drawMode":2,"name":"Shaded Wireframe","section":"Shading Mode"},"sceneLighting":true,"audioPlay":false,"sceneViewState":{"showFog":true,"showMaterialUpdate":false,"showSkybox":true,"showFlares":true,"showImageEffects":true,"showParticleSystems":true},"in2DMode":false,"pivot":{"x":42.51803207397461,"y":-28.985801696777345,"z":17.710784912109376},"rotation":{"x":0.13587573170661927,"y":0.7271885871887207,"z":-0.15067391097545625,"w":0.6557687520980835},"size":53.6389274597168,"orthographic":false}