{"cameraMode":{"drawMode":2,"name":"Shaded Wireframe","section":"Shading Mode"},"sceneLighting":true,"audioPlay":false,"sceneViewState":{"showFog":true,"showMaterialUpdate":false,"showSkybox":true,"showFlares":true,"showImageEffects":true,"showParticleSystems":true},"in2DMode":false,"pivot":{"x":3.7697935104370119,"y":-7.85233736038208,"z":-0.36092376708984377},"rotation":{"x":-0.17426609992980958,"y":0.4643436372280121,"z":0.09373539686203003,"w":0.8632681965827942},"size":24.608722686767579,"orthographic":false}