{"cameraMode":{"drawMode":2,"name":"Shaded Wireframe","section":"Shading Mode"},"sceneLighting":true,"audioPlay":false,"sceneViewState":{"showFog":true,"showMaterialUpdate":false,"showSkybox":true,"showFlares":true,"showImageEffects":true,"showParticleSystems":true},"in2DMode":false,"pivot":{"x":0.7901496887207031,"y":16.963743209838868,"z":-0.5276017189025879},"rotation":{"x":0.020584477111697198,"y":0.881815493106842,"z":-0.03865613788366318,"w":0.4695582389831543},"size":2.676056146621704,"orthographic":false}