{"cameraMode":{"drawMode":2,"name":"Shaded Wireframe","section":"Shading Mode"},"sceneLighting":true,"audioPlay":false,"sceneViewState":{"showFog":true,"showMaterialUpdate":false,"showSkybox":true,"showFlares":true,"showImageEffects":true,"showParticleSystems":true},"in2DMode":false,"pivot":{"x":44.4217529296875,"y":-13.083671569824219,"z":-0.8395195007324219},"rotation":{"x":0.13839790225028993,"y":0.7465144395828247,"z":-0.16404467821121217,"w":0.6298034191131592},"size":96.1946792602539,"orthographic":false}