{"cameraMode":{"drawMode":2,"name":"Shaded Wireframe","section":"Shading Mode"},"sceneLighting":true,"audioPlay":false,"sceneViewState":{"showFog":true,"showMaterialUpdate":false,"showSkybox":true,"showFlares":true,"showImageEffects":true,"showParticleSystems":true},"in2DMode":false,"pivot":{"x":5.960464477539063e-8,"y":-5.064002513885498,"z":-1.1920928955078126e-7},"rotation":{"x":0.10207083076238632,"y":0.8251067399978638,"z":-0.15809321403503419,"w":0.5327180624008179},"size":270.2216491699219,"orthographic":false}