{"cameraMode":{"drawMode":2,"name":"Shaded Wireframe","section":"Shading Mode"},"sceneLighting":true,"audioPlay":false,"sceneViewState":{"showFog":true,"showMaterialUpdate":false,"showSkybox":true,"showFlares":true,"showImageEffects":true,"showParticleSystems":true},"in2DMode":false,"pivot":{"x":5.960464477539063e-8,"y":-4.869999885559082,"z":-1.1920928955078126e-7},"rotation":{"x":0.18959183990955354,"y":0.7845312356948853,"z":-0.28887712955474856,"w":0.5148947834968567},"size":7.7013702392578129,"orthographic":false}