{"cameraMode":{"drawMode":2,"name":"Shaded Wireframe","section":"Shading Mode"},"sceneLighting":true,"audioPlay":false,"sceneViewState":{"showFog":true,"showMaterialUpdate":false,"showSkybox":true,"showFlares":true,"showImageEffects":true,"showParticleSystems":true},"in2DMode":false,"pivot":{"x":-14.13565444946289,"y":-4.320509910583496,"z":-2.3204174041748049},"rotation":{"x":0.34907135367393496,"y":0.5792219042778015,"z":-0.30070167779922488,"w":0.6725061535835266},"size":4.0841240882873539,"orthographic":false}