{"cameraMode":{"drawMode":2,"name":"Shaded Wireframe","section":"Shading Mode"},"sceneLighting":true,"audioPlay":false,"sceneViewState":{"showFog":true,"showMaterialUpdate":false,"showSkybox":true,"showFlares":true,"showImageEffects":true,"showParticleSystems":true},"in2DMode":false,"pivot":{"x":-3.6374969482421877,"y":-13.079687118530274,"z":-1.0116453170776368},"rotation":{"x":0.1633991301059723,"y":0.5758157968521118,"z":-0.11876083165407181,"w":0.7922385931015015},"size":14.797971725463868,"orthographic":false}