{"cameraMode":{"drawMode":2,"name":"Shaded Wireframe","section":"Shading Mode"},"sceneLighting":true,"audioPlay":false,"sceneViewState":{"showFog":true,"showMaterialUpdate":false,"showSkybox":true,"showFlares":true,"showImageEffects":true,"showParticleSystems":true},"in2DMode":false,"pivot":{"x":-301.3711242675781,"y":-24.41403579711914,"z":13.060005187988282},"rotation":{"x":0.022781454026699067,"y":0.7345352172851563,"z":0.02469135820865631,"w":-0.677739143371582},"size":63.47444534301758,"orthographic":false}