{"cameraMode":{"drawMode":2,"name":"Shaded Wireframe","section":"Shading Mode"},"sceneLighting":true,"audioPlay":false,"sceneViewState":{"showFog":true,"showMaterialUpdate":false,"showSkybox":true,"showFlares":true,"showImageEffects":true,"showParticleSystems":true},"in2DMode":false,"pivot":{"x":2.397278308868408,"y":-31.75696563720703,"z":-13.378864288330079},"rotation":{"x":0.3372659683227539,"y":0.043754011392593387,"z":-0.015695730224251748,"w":0.9402658343315125},"size":14.797971725463868,"orthographic":false}