{"cameraMode":{"drawMode":2,"name":"Shaded Wireframe","section":"Shading Mode"},"sceneLighting":true,"audioPlay":false,"sceneViewState":{"showFog":true,"showMaterialUpdate":false,"showSkybox":true,"showFlares":true,"showImageEffects":true,"showParticleSystems":true},"in2DMode":false,"pivot":{"x":-9.091140747070313,"y":-23.602766036987306,"z":-4.825460433959961},"rotation":{"x":0.2620503306388855,"y":0.575292706489563,"z":-0.20149622857570649,"w":0.7481822371482849},"size":23.047557830810548,"orthographic":false}