{"cameraMode":{"drawMode":0,"name":"Shaded","section":"Shading Mode"},"sceneLighting":true,"audioPlay":false,"sceneViewState":{"showFog":true,"showMaterialUpdate":false,"showSkybox":true,"showFlares":true,"showImageEffects":true,"showParticleSystems":true},"in2DMode":false,"pivot":{"x":182.50448608398438,"y":-53.885154724121097,"z":175.91793823242188},"rotation":{"x":0.10084906220436096,"y":0.388915091753006,"z":-0.04288755729794502,"w":0.9147459268569946},"size":131.44439697265626,"orthographic":false}