{"cameraMode":{"drawMode":2,"name":"Shaded Wireframe","section":"Shading Mode"},"sceneLighting":true,"audioPlay":false,"sceneViewState":{"showFog":true,"showMaterialUpdate":false,"showSkybox":true,"showFlares":true,"showImageEffects":true,"showParticleSystems":true},"in2DMode":false,"pivot":{"x":-162.58070373535157,"y":-127.95237731933594,"z":-32.968807220458987},"rotation":{"x":0.548189640045166,"y":0.4484589099884033,"z":-0.45660874247550967,"w":0.5384154319763184},"size":131.3709716796875,"orthographic":false}