{"cameraMode":{"drawMode":2,"name":"Shaded Wireframe","section":"Shading Mode"},"sceneLighting":true,"audioPlay":false,"sceneViewState":{"showFog":true,"showMaterialUpdate":false,"showSkybox":true,"showFlares":true,"showImageEffects":true,"showParticleSystems":true},"in2DMode":false,"pivot":{"x":0.26531219482421877,"y":-13.414794921875,"z":-2.5775070190429689},"rotation":{"x":-0.15467101335525514,"y":-0.8393823504447937,"z":0.4189021587371826,"w":-0.30991822481155398},"size":18.202159881591798,"orthographic":false}