{"cameraMode":{"drawMode":2,"name":"Shaded Wireframe","section":"Shading Mode"},"sceneLighting":true,"audioPlay":false,"sceneViewState":{"showFog":true,"showMaterialUpdate":false,"showSkybox":true,"showFlares":true,"showImageEffects":true,"showParticleSystems":true},"in2DMode":false,"pivot":{"x":3.750823974609375,"y":14.684209823608399,"z":7.474170684814453},"rotation":{"x":0.1866835504770279,"y":0.33286795020103457,"z":-0.06742022186517716,"w":0.9218632578849793},"size":27.265050888061525,"orthographic":false}