{"cameraMode":{"drawMode":2,"name":"Shaded Wireframe","section":"Shading Mode"},"sceneLighting":true,"audioPlay":false,"sceneViewState":{"showFog":true,"showMaterialUpdate":false,"showSkybox":true,"showFlares":true,"showImageEffects":true,"showParticleSystems":true},"in2DMode":false,"pivot":{"x":5.960464477539063e-8,"y":15.180000305175782,"z":-1.1920928955078126e-7},"rotation":{"x":0.059535227715969089,"y":0.9403607249259949,"z":-0.22952216863632203,"w":0.2439197301864624},"size":27.33621597290039,"orthographic":false}