{"cameraMode":{"drawMode":2,"name":"Shaded Wireframe","section":"Shading Mode"},"sceneLighting":true,"audioPlay":false,"sceneViewState":{"showFog":true,"showMaterialUpdate":false,"showSkybox":true,"showFlares":true,"showImageEffects":true,"showParticleSystems":true},"in2DMode":false,"pivot":{"x":87.2376480102539,"y":-152.28627014160157,"z":220.07386779785157},"rotation":{"x":0.2791891098022461,"y":0.18154333531856538,"z":-0.0538504458963871,"w":0.9413937330245972},"size":173.84805297851563,"orthographic":false}