{"cameraMode":{"drawMode":2,"name":"Shaded Wireframe","section":"Shading Mode"},"sceneLighting":true,"audioPlay":false,"sceneViewState":{"showFog":true,"showMaterialUpdate":false,"showSkybox":true,"showFlares":true,"showImageEffects":true,"showParticleSystems":true},"in2DMode":false,"pivot":{"x":56.28573989868164,"y":-91.15115356445313,"z":247.13467407226563},"rotation":{"x":0.1757803112268448,"y":0.14998380839824677,"z":-0.027118295431137086,"w":0.9725722670555115},"size":253.24237060546876,"orthographic":false}