{"cameraMode":{"drawMode":0,"name":"Shaded","section":"Shading Mode"},"sceneLighting":true,"audioPlay":false,"sceneViewState":{"showFog":true,"showMaterialUpdate":false,"showSkybox":true,"showFlares":true,"showImageEffects":true,"showParticleSystems":true},"in2DMode":false,"pivot":{"x":0.7840871810913086,"y":-29.15277862548828,"z":-14.534034729003907},"rotation":{"x":-0.0044570486061275009,"y":-0.9839115738868713,"z":0.17690476775169373,"w":-0.024800289422273637},"size":27.907337188720704,"orthographic":false}