{"cameraMode":{"drawMode":2,"name":"Shaded Wireframe","section":"Shading Mode"},"sceneLighting":true,"audioPlay":false,"sceneViewState":{"showFog":true,"showMaterialUpdate":false,"showSkybox":true,"showFlares":true,"showImageEffects":true,"showParticleSystems":true},"in2DMode":false,"pivot":{"x":8.029999732971192,"y":3.816856861114502,"z":3.6599998474121095},"rotation":{"x":0.09128361195325852,"y":0.8744588494300842,"z":-0.181198850274086,"w":0.44066375494003298},"size":40.54813003540039,"orthographic":false}