{"cameraMode":{"drawMode":2,"name":"Shaded Wireframe","section":"Shading Mode"},"sceneLighting":true,"audioPlay":false,"sceneViewState":{"showFog":true,"showMaterialUpdate":false,"showSkybox":true,"showFlares":true,"showImageEffects":true,"showParticleSystems":true},"in2DMode":false,"pivot":{"x":-0.18413054943084718,"y":16.496999740600587,"z":-0.09338867664337158},"rotation":{"x":0.30225151777267458,"y":0.326850950717926,"z":-0.11118756234645844,"w":0.8885098695755005},"size":10.0,"orthographic":false}