{"cameraMode":{"drawMode":2,"name":"Shaded Wireframe","section":"Shading Mode"},"sceneLighting":true,"audioPlay":false,"sceneViewState":{"showFog":true,"showMaterialUpdate":false,"showSkybox":true,"showFlares":true,"showImageEffects":true,"showParticleSystems":true},"in2DMode":false,"pivot":{"x":159.66375732421876,"y":-33.33326721191406,"z":-135.35354614257813},"rotation":{"x":0.06247802451252937,"y":0.5873844623565674,"z":-0.04555123671889305,"w":0.8056118488311768},"size":116.8389663696289,"orthographic":false}