{"cameraMode":{"drawMode":2,"name":"Shaded Wireframe","section":"Shading Mode"},"sceneLighting":true,"audioPlay":false,"sceneViewState":{"showFog":true,"showMaterialUpdate":false,"showSkybox":true,"showFlares":true,"showImageEffects":true,"showParticleSystems":true},"in2DMode":false,"pivot":{"x":112.4882583618164,"y":-117.17008209228516,"z":128.5354461669922},"rotation":{"x":0.2860601246356964,"y":0.3367333710193634,"z":-0.1081816628575325,"w":0.8905619382858276},"size":131.92945861816407,"orthographic":false}