{"cameraMode":{"drawMode":2,"name":"Shaded Wireframe","section":"Shading Mode"},"sceneLighting":true,"audioPlay":false,"sceneViewState":{"showFog":true,"showMaterialUpdate":false,"showSkybox":true,"showFlares":true,"showImageEffects":true,"showParticleSystems":true},"in2DMode":false,"pivot":{"x":-24.13620376586914,"y":8.91659927368164,"z":-13.687076568603516},"rotation":{"x":0.296307235956192,"y":0.48477548360824587,"z":-0.178826242685318,"w":0.8032532334327698},"size":40.0117301940918,"orthographic":false}