{"cameraMode":{"drawMode":2,"name":"Shaded Wireframe","section":"Shading Mode"},"sceneLighting":true,"audioPlay":false,"sceneViewState":{"showFog":true,"showMaterialUpdate":false,"showSkybox":true,"showFlares":true,"showImageEffects":true,"showParticleSystems":true},"in2DMode":false,"pivot":{"x":178.9280548095703,"y":-83.5091781616211,"z":186.6285858154297},"rotation":{"x":0.15772756934165955,"y":0.3320378065109253,"z":-0.056428372859954837,"w":0.9282858967781067},"size":187.01873779296876,"orthographic":false}