{"cameraMode":{"drawMode":2,"name":"Shaded Wireframe","section":"Shading Mode"},"sceneLighting":true,"audioPlay":false,"sceneViewState":{"showFog":true,"showMaterialUpdate":false,"showSkybox":true,"showFlares":true,"showImageEffects":true,"showParticleSystems":true},"in2DMode":false,"pivot":{"x":2.397278308868408,"y":-31.75696563720703,"z":-13.378864288330079},"rotation":{"x":0.062224917113780978,"y":0.9321784973144531,"z":-0.19371932744979859,"w":0.299420565366745},"size":27.604768753051759,"orthographic":false}