{"cameraMode":{"drawMode":2,"name":"Shaded Wireframe","section":"Shading Mode"},"sceneLighting":true,"audioPlay":false,"sceneViewState":{"showFog":true,"showMaterialUpdate":false,"showSkybox":true,"showFlares":true,"showImageEffects":true,"showParticleSystems":true},"in2DMode":false,"pivot":{"x":2.397278308868408,"y":-31.75696563720703,"z":-13.378864288330079},"rotation":{"x":0.26100513339042666,"y":0.6583385467529297,"z":-0.26210811734199526,"w":0.6555732488632202},"size":23.54344940185547,"orthographic":false}