{"cameraMode":{"drawMode":2,"name":"Shaded Wireframe","section":"Shading Mode"},"sceneLighting":true,"audioPlay":false,"sceneViewState":{"showFog":true,"showMaterialUpdate":false,"showSkybox":true,"showFlares":true,"showImageEffects":true,"showParticleSystems":true},"in2DMode":false,"pivot":{"x":-43.51422119140625,"y":-46.56573486328125,"z":12.0732421875},"rotation":{"x":0.020478568971157075,"y":0.9793816804885864,"z":-0.1504213958978653,"w":0.1333206743001938},"size":57.54825973510742,"orthographic":false}