{"cameraMode":{"drawMode":2,"name":"Shaded Wireframe","section":"Shading Mode"},"sceneLighting":true,"audioPlay":false,"sceneViewState":{"showFog":true,"showMaterialUpdate":true,"showSkybox":true,"showFlares":true,"showImageEffects":true,"showParticleSystems":true},"in2DMode":false,"pivot":{"x":0.05720937252044678,"y":0.9986782073974609,"z":-9.897557258605957},"rotation":{"x":-0.06423725187778473,"y":-0.8377714157104492,"z":-0.10101789981126785,"w":0.5327376127243042},"size":1.039233922958374,"orthographic":false}